Name,Id,Metadata
A TEAL,31,"['831.0', '832.0']"
A.D. GOSMAN,500,['272.0']
AD,491,"['1696.0', '1843.0']"
ADAM,177,"['1136.0', '1240.0', '1268.0', '1269.0', '1274.0', '1277.0']"
ADAM PERRY LANG,179,"['1149.0', '1168.0']"
ADRIAN MUCINSKA,556,['1838.0']
ADRIANA MUCINSKA,537,"['325.0', '336.0', '1773.0', '1859.0']"
ADRIANNA,524,['309.0']
ALAN + ADAM DERSHOWITZ,89,['936.0']
ALAN DERSHOWITZ,54,"['887.0', '888.0', '889.0', '1.0d', '1174.0', '1225.0', '1695.0', '1842.0', '1841.0', '1864.0', '1865.0']"
ALAN GREENBERG,6,['782.0']
ALBERTO,169,"['1114.0', '1115.0', '1116.0', '1221.0']"
ALBERTO & LINDA PINTO,206,"['1220.0', '1219.0', '1274.0']"
ALBERTO + LINDA PINTO,180,"['1157.0', '1467.0', '1466.0']"
ALBERTO PINTO,123,"['1.0b', '1113.0', '1302.0', '1306.0', '52.0']"
ALEX,545,['1799.0']
ALEX RESNIK,550,['1822.0']
ALEXA,254,['1338.0']
ALEXANDER FEKKAI,382,"['116.0', '117.0']"
ALEXANDRA DIXON,324,['11.0']
ALEXANDRIA,255,['1339.0']
ALEXIA,188,"['1186.0', '1195.0']"
ALEXIA WALLAERT,275,"['1471.0', '1472.0', '44.0']"
ALEXIA WALLERT,218,"['1229.0', '1544.0', '116.0', '117.0']"
ALEXIS,190,"['1193.0', '1194.0']"
ALFRED,394,['1589.0']
ALINE WEBER,490,"['1693.0', '246.0']"
ALLISON,40,"['848.0', '849.0', '947.0', '948.0']"
ALLISON CAYNE,17,"['806.0', '807.0']"
ALYSSA,301,[nan]
ALYSSA HOLBERT,391,['125.0']
AM,414,"['144.0', '145.0', '146.0', '1602.0', '1637.0', '195.0', '198.0', '1639.0', '1640.0', nan, '1641.0', '1642.0', '202.0', '201.0', '1646.0', '1647.0', '215.0', '216.0', '217.0', '1650.0', '1665.0', '1666.0', '1672.0', '1673.0', '223.0', '224.0', '225.0', '226.0', '227.0', '228.0', '229.0', '231.0', '230.0', '233.0', '232.0', '240.0', '1682.0', '1774.0', '1775.0', '341.0', '340.0', '1777.0', '1778.0', '1781.0', '1787.0', '1789.0', '1799.0', '1804.0', '1814.0', '1816.0', '1817.0', '1818.0', '1819.0', '1825.0', '1826.0', '348.0', '1839.0', '1840.0', '1843.0', '356.0', '1844.0', '1845.0', '1860.0a']"
AMANDA,91,"['938.0', '939.0']"
AMBER LAVALLEE,304,['1512.0']
ANDREA,397,"['1592.0', '1595.0', '1597.0', '1598.0', '1605.0', '234.0', '1738.0', '1739.0', '1740.0', '315.0']"
ANDREA MITROVICH,402,"['136.0', '137.0', '138.0', '139.0', '140.0', '141.0', '148.0', '149.0', '1601.0', '1603.0', '352.0']"
ANDREA MITROVITCH,421,"['1600.0', '157.0', '158.0', '159.0', '160.0', '162.0', '163.0', '161.0', nan, '1630.0', '1636.0', '244.0', '1725.0']"
ANDREA MUNCINSKA,530,['316.0']
ANDREA WILLIS,585,['1907.0']
ANDREW FARGUS,597,['424.0']
ANDY,46,['873.0']
ANDY STEWART,64,"['911.0', '912.0']"
ANKIE,38,['846.0']
ANNA HANKS,423,['1602.0']
ANNA MOLOVA,305,['1512.0']
ANTHONY,93,['943.0']
ANTHONY BARRETT,92,['941.0']
ANTON,96,['944.0']
AP,186,"['1169.0', '1170.0', '1183.0', '1199.0', '1200.0', '1203.0', '1204.0', '1215.0', '1216.0', '1220.0', '1221.0', '1223.0', '1224.0', '1284.0', '1285.0', '1286.0', '1291.0', '1292.0', '1302.0', '1306.0', '1312.0', '1313.0', '1320.0', '1325.0', '1326.0', '1328.0', '1335.0a', '1329.0', '1335.0b', '1336.0', '1337.0', '1338.0', '1339.0', '1344.0', '1353.0', '1357.0', '1358.0', '1370.0', '1378.0', '1380.0', '1383.0', '1384.0', '1385.0', '1386.0', '1419.0', '1420.0', '1434.0', '1440.0', '1471.0', '1472.0', '1473.0', '1474.0', '1475.0', '1476.0', '1480.0', '1481.0', '1482.0', '1490.0', '1491.0', '1492.0', '1507.0', '1508.0', '1509.0', '1524.0', '1525.0', '1535.0', '2.0e', '6.0', '7.0', '10.0', '11.0', '1543.0', '1544.0', '1553.0', '1554.0', '1555.0', '35.0', '36.0', '37.0b', '42.0', '41.0', '43.0', '44.0', '49.0', '50.0', '52.0', '53.0', '54.0', '55.0', '57.0', '56.0', '58.0', '72.0', '78.0', '116.0', '117.0', '121.0', '120.0', '123.0', '122.0']"
AP CINDY LOPEZ,347,['51.0']
ARIANE DE BONVOISIN,497,['266.0']
ARLENE (NANNY),366,['1562.0']
ART PASHCOW,80,['927.0']
AS,1,"['780.0', '781.0', '782.0', '786.0', '789.0', '808.0', '809.0', '810.0', '811.0', '812.0', '813.0', '814.0', '821.0', '840.0', '841.0']"
AUDREY,240,['1294.0']
AUDREY BLAISE,258,['1354.0']
AUDREY RAIMBAULT,239,"['1291.0', '1292.0', '1293.0']"
AW,278,"['1473.0', '1474.0', '1475.0', '1476.0', '247.0', '248.0', '250.0']"
BANU KOCUKKOYLU,276,['1471.0']
BANU KUCUKKOYLU,277,"['1472.0', '1509.0', '1510.0']"
BANU KUCUKOGLU,320,['8.0']
BANU KUCUKROYLU,284,['1478.0']
BARRY MASSION,443,"['1626.0', '1627.0', '1628.0', '1629.0', '1630.0']"
BD,617,"['2282.0', '2283.0', '2284.0', '2285.0']"
BELLA WAGNER'S FUNERAL,334,['1551.0']
BEN FORESTER,98,['946.0']
BH,541,"['334.0', '333.0', '1774.0', '341.0', '340.0', '1777.0', '1789.0', '1795.0', '1796.0', '1797.0', '1798.0', '1799.0', '1814.0', '1817.0', '1818.0', '1819.0', '348.0', '352.0', '1838.0', '356.0', '1844.0', '1845.0', '1867.0', '1860.0b', '1869.0', '1870.0', '1873.0', '1874.0', '1876.0', '1913.0', '1914.0', '416.0', '1932.0', '1940.0', '1941.0', '463.0', '467.0', '466.0', '468.0', '469.0', '470.0', '474.0', '475.0', '476.0', '477.0', '478.0', '1956.0', '1957.0', '1951.0', '1968.0', '1969.0', '1970.0', '1993.0', '1994.0', '1996.0', '1997.0', '1998.0', '2003.0', '2005.0', '2004.0', '2006.0', '481.0', '2016.0', '2028.0', '2031.0', '483.0', '484.0', '2034.0', '2035.0', '485.0', '491.0', '2087.0', '2086.0']"
BH/LM,575,"['386.0', '387.0', '388.0', '398.0', '399.0', '400.0']"
BIGGEN,532,['1754.0']
BILL CLINTON,350,"['57.0', '75.0', '76.0']"
BILL GATES,614,['2250.0']
BILL HAMMOND,536,['324.0']
BILL MURPHY,538,['1759.0']
BILLY DIMAURO,616,"['2276.0', '2281.0']"
BJ,489,['1692.0']
BK,279,"['1473.0', '1474.0', '1475.0', '1476.0', '1479.0', '1487.0', '1488.0', '1489.0', '1490.0', '1491.0', '1492.0', '1493.0', '1496.0', '1497.0', '1506.0', '1511.0', '10.0', '11.0', '12.0', '13.0']"
BM,539,"['1760.0', '1761.0']"
BOB,101,"['948.0', '1078.0']"
BOB BRESLIN,341,"['42.0', '41.0', '202.0', '201.0']"
BODYGUARD,253,['1338.0']
BONNIE,330,"['1541.0', '1542.0']"
BRAN,82,['930.0']
BRENT,436,"['184.0', nan]"
BRENT TINDALL,438,"['188.0', '200.0']"
BRIAN MATHIS,66,['911.0']
BRUCE,485,"['1687.0', '1688.0']"
BT,442,"['1626.0', '1627.0', '1630.0', '1631.0', '1632.0', '1636.0', '1637.0', '195.0', '1638.0', '1639.0', '1640.0', '206.0', '207.0', '1645.0', '1647.0', '215.0', '216.0', '217.0', '1650.0', '1654.0', '1662.0', '1670.0', '1671.0', '1672.0', '1673.0', '1675.0', '1076.0', '234.0', '235.0', '240.0', '1684.0', '1685.0', '1686.0', '1689.0', '1690.0', '241.0', '243.0', '244.0', '1691.0', '1693.0', '245.0', '249.0', '250.0', '257.0', '1705.0', '258.0', '262.0', '263.0', '1708.0', '1709.0', '1712.0', '1713.0', '1714.0', '273.0', '274.0', '1719.0', '1725.0', '1726.0', '275.0', '276.0', '277.0']"
BURLY,318,['7.0']
CAROL,306,['1515.0']
CAROLINA,467,['1670.0']
CAROLYN,155,"['1089.0', '1516.0']"
CAROLYN MILLER,359,['66.0b']
CASEY+LAURA WASSERMAN,408,"['136.0', '137.0', '138.0', '139.0', '140.0', '141.0', '142.0', '143.0', '144.0', '145.0']"
CATHERINE DERBY,460,"['217.0', '425.0', '426.0']"
CC,412,"['144.0', '145.0', '146.0']"
CD,413,"['144.0', '145.0', '1688.0', '258.0']"
CELINA,27,"['821.0', '849.0', '866.0', '944.0', '948.0', '968.0', '1017.0', '1044.0', '1054.0', '1055.0', '1085.0', '1094.0', '1104.0', '1105.0', '1185.0', '1199.0', '1200.0', '1210.0', '1215.0', '1240.0', '1312.0', '1320.0', '1477.0', '240.0']"
CELINA + JORDAN + MYA DUBIN,515,['298.0']
CELINA + MYA DUBIN,514,"['297.0', '1756.0']"
CELINA DUBIN,85,"['931.0', '934.0', '946.0', '1018.0', '2.0c', '1687.0']"
CELINA MIDELFART,51,"['878.0', '891.0', '936.0', '941.0', '943.0', '947.0', '957.0', '959.0', '973.0', '985.0', '1017.0', '1018.0', '1020.0', '1021.0', '1051.0']"
CH,613,"['503.0', '504.0', '505.0', '506.0']"
CHARLES,213,['1224.0']
CHARLES MILLER,429,['1605.0']
CHAUNTAE DAVIES,340,"['37.0b', '136.0', '137.0', '138.0', '139.0', '140.0', '141.0', '167.0', '183.0', '1634.0', '244.0']"
CHEF,417,['149.0']
CHEREE,43,['849.0']
CHERI KRAPE,262,"['1384.0', '1385.0']"
CHERI LYNCH,280,['1474.0']
CHILD,70,"['915.0', '916.0']"
CHRIS LAMBROS,476,['238.0']
CHRIS TUCKER,401,"['136.0', '137.0', '138.0', '139.0', '140.0', '141.0', '142.0', '143.0', '144.0', '145.0', '146.0']"
CHRISTINA ESTRADA,251,"['1336.0', '1337.0']"
CHRISTINE,24,['811.0']
CHUCK SCHUMI,11,['787.0']
CINDY,364,"['66.0b', '72.0']"
CINDY LOPEZ,342,"['44.0', '49.0', '50.0', '54.0', '114.0', '115.0', '1564.0', '120.0', '1589.0', '130.0', '133.0', '188.0', '1630.0']"
CL,281,"['1475.0', '1476.0', '1570.0', '1573.0', '121.0', '123.0', '122.0', '136.0', '137.0', '138.0', '139.0', '140.0', '141.0', '148.0', '1631.0', '1632.0', '217.0']"
CLAIR,75,['918.0']
CLAIRE,126,"['1039.0', '1273.0', '1277.0', '1279.0', '1283.0']"
CLAIRE HAZEL,25,"['813.0', '938.0', '939.0', '953.0', '954.0', '3.0', '1.0d', '1099.0', '1109.0', '1110.0', '1119.0', '1179.0', '1180.0', '1181.0', '1204.0', '1222.0', '1232.0', '1233.0', '1234.0', '1253.0', '1254.0', '1262.0', '1265.0', '1266.0', '1267.0', '1278.0', '1281.0', '1282.0', '1297.0', '1298.0']"
CLAIREHAZEL,171,['1120.0']
CLARE & VICTORIA HAZEL,246,['1313.0']
CLARE HAZEL,249,"['1328.0', '1335.0a', '1329.0']"
CLEMENTINE,198,['1209.0']
CLEMENTINE HAMBRO,202,['1214.0']
CM,328,['1540.0']
COCOA BRUNN,163,['1102.0']
COLLEEN,535,['1755.0']
COUSIN,234,['1273.0']
CRAIG ADAMS,173,['1121.0']
CRASNASRY,583,['1902.0']
CRESENCIA VALDEZ,534,['1756.0']
CRISTALLE WASCHE,309,"['1518.0', '37.0b', '352.0']"
CT,164,"['1102.0', '1110.0', '1357.0', '1358.0', '1370.0']"
CW,599,"['435.0', '434.0', '436.0', '437.0', '443.0', '444.0', '450.0', '451.0', '452.0', '453.0', '457.0', '1936.0', '460.0', '462.0', '461.0', '463.0', '465.0']"
DAN MORAN,393,['1589.0']
DANA,529,['1751.0']
DANA BURNS,570,"['1876.0', '398.0', '399.0', '1907.0']"
DANIEL DENNETT,361,['66.0b']
DANIEL HILLIS,217,['1229.0']
DARA,183,['1165.0']
DARA LYNN PREECE,384,"['116.0', '117.0']"
DARREN,57,"['905.0', '917.0']"
DARREN ROTHELL,615,['2266.0']
DAVE KILLARY,230,"['1262.0', '1263.0']"
DAVED MULLEN,513,['291.0']
DAVID,508,"['283.0', '284.0']"
DAVID ANTON,12,['787.0']
DAVID MULLEN,518,['302.0']
DAVID ROCKWELL,358,['66.0b']
DAVID ROTH,77,['921.0']
DAVID ROTHMAN,49,"['876.0', '877.0']"
DAVID SLADE,404,"['136.0', '137.0', '138.0', '139.0', '140.0', '141.0', '142.0', '143.0', '144.0', '145.0', '146.0']"
DB,471,"['231.0', '230.0', '316.0', '325.0', '334.0', '333.0', '335.0', '336.0', '1773.0', '1776.0', '341.0', '340.0', '1786.0', '1789.0', '1792.0', '1795.0', '1796.0', '1799.0', '1807.0', '1808.0', '1809.0', '1810.0', '1814.0', '1821.0', '1822.0', '1837.0', '1881.0', '366.0', '372.0', '373.0', '374.0', '375.0', '385.0']"
DC,106,"['963.0', '964.0', '965.0', '966.0', '967.0', '968.0', '970.0']"
DEBORAH,13,['790.0']
DEIDRE,107,['966.0']
DIANE,444,"['1633.0', '1634.0']"
DIANE FLEETWOOD,398,['1896.0a']
DIDIER,56,"['901.0', '930.0', '934.0', '941.0', '987.0', '999.0', '1017.0', '1018.0', '1.0a', '2.0a', '3.0', '1.0b', '1039.0', '1040.0', '1051.0']"
DIDIER CAZAUDUMEC,59,"['906.0', '907.0', '913.0', '914.0', '921.0', '928.0', '929.0', '949.0', '961.0', '962.0', '1000.0']"
DIEDRE NEAL,23,['810.0']
DIVERTED TO ALTERNATE,607,['2124.0']
DM,519,"['303.0', '1740.0', '307.0', '308.0', '1749.0', '1748.0', '1750.0', '317.0', '318.0', '319.0', '325.0', '336.0', '1775.0', '1776.0', '341.0', '340.0', '1809.0', '1810.0']"
DONALD TRUMP,87,['934.0']
DONNA,103,"['949.0', '965.0']"
DONNA GABRIELLA BARRETT,94,['943.0']
DOUG BAND,403,"['136.0', '137.0', '138.0', '139.0', '140.0', '141.0', '142.0', '143.0', '144.0', '145.0', '146.0', '1643.0', '1644.0', '225.0', '228.0', '229.0']"
DOUG BANDS,368,"['75.0', '76.0', '100.0', '102.0', '101.0', '103.0', '104.0', '123.0', '122.0']"
DOUG SCHOETTLE,122,"['1.0b', '1059.0', '1060.0']"
DOUG SHOETTLE,152,['1087.0']
DR HENRY JARECKI,385,"['116.0', '117.0']"
EA,488,"['1688.0', '258.0']"
ED TUTTLE,282,"['1475.0', '1476.0', '1522.0', '1523.0', '18.0', '19.0', '53.0', '54.0', '157.0', '158.0']"
EDWARDO,336,"['30.0', '29.0', '1589.0']"
EDWINA SIMMONS,415,['147.0']
EJ,212,['1224.0']
EKATERINA GRINEVA,310,['1518.0']
ELIZABETH,34,"['832.0', '1280.0']"
ELIZABETH JOHNSON,256,['1354.0']
ELIZZABETH JOHNSON,28,['831.0']
ELLEN SPENCER,144,"['1067.0', '1069.0']"
EM,435,"['184.0', '198.0', '1684.0']"
EMMY,127,"['1039.0', '1040.0', '1041.0', '1042.0', '1136.0']"
EMMY TAYLER,128,"['1043.0', '1057.0', '184.0', '1634.0']"
EMPTY,352,"['1660.0', '2128.0', '2129.0']"
ERIC CARPENTER,377,['1567.0']
ERIC NONNES,406,"['136.0', '137.0', '138.0', '139.0', '140.0', '141.0', '142.0', '143.0', '144.0', '145.0', '146.0']"
ET,129,"['1044.0', '1045.0', '1046.0', '71.0a', '1050.0', '1052.0', '1053.0', '1056.0', '1058.0', '1059.0', '1060.0', '1061.0', '1062.0', '1063.0', '1064.0', '1065.0', '2.0c', '1.0d', '2.0d', '1075.0', '1080.0', '1081.0', '1083.0', '1086.0', '1087.0', '1103.0', '1104.0', '1105.0', '1108.0', '1109.0', '1113.0', '1114.0', '1115.0', '1116.0', '1119.0', '1120.0', '1145.0', '1146.0', '1147.0', '1148.0', '1149.0', '1155.0', '1154.0', '1156.0', '1157.0', '1158.0', '1159.0', '1160.0', '1165.0', '1168.0', '1169.0', '1170.0', '1175.0', '1179.0', '1180.0', '1181.0', '1182.0', '1183.0', '1197.0', '1198.0', '1199.0', '1200.0', '1202.0', '1203.0', '1204.0', '1210.0', '1211.0', '1215.0', '1216.0', '1220.0', '1226.0', '1225.0', '1227.0', '1228.0', '1236.0', '1235.0', '1237.0', '1238.0', '1239.0', '1240.0', '1241.0', '1242.0', '1243.0', '1244.0', '1245.0', '1248.0', '1249.0', '1252.0', '1256.0', '1257.0', '1262.0', '1263.0', '1264.0', '1265.0', '1266.0', '1267.0', '1270.0', '1271.0', '1272.0', '1273.0', '1282.0', '1283.0', '1284.0', '1291.0', '1292.0', '1295.0', '1296.0', '1297.0', '1298.0', '1301.0', '1310.0', '1311.0', '1312.0', '1313.0', '1314.0', '1315.0', '1320.0', '1328.0', '1335.0a', '1329.0', '1335.0b', '1336.0', '1337.0', '1338.0', '1344.0', '1345.0', '1353.0', '1378.0', '1383.0', '1384.0', '1385.0', '1391.0', '1393.0', '1400.0', '1401.0', '1402.0', '1403.0', '1404.0', '1405.0', '1406.0', '1410.0', '1413.0', '1414.0', '1416.0', '1415.0', '1417.0', '1427.0', '1428.0', '1431.0', '1432.0', '1433.0', '1437.0', '1438.0', '1440.0', '1444.0', '1445.0', '1446.0', '1464.0', '1465.0', '1467.0', '1466.0', '1469.0', '1468.0', '1470.0', '1477.0', '1478.0', '1479.0', '1487.0', '1488.0', '1489.0', '1492.0', '1493.0', '1494.0', '1495.0', '1503.0', '1504.0', '1506.0', '1507.0', '1508.0', '1509.0', '1522.0', '1525.0', '1526.0', '1528.0', '1534.0', '1535.0', '2.0e', '6.0', '7.0', '10.0', '12.0', '13.0', '14.0', '15.0', '16.0', '17.0', '18.0', '19.0', '20.0', '165.0', '185.0']"
ETC,229,[nan]
EVA,2,"['781.0', '782.0', '815.0', '816.0', '821.0', '916.0', '927.0', '934.0', '944.0', '946.0', '968.0', '1017.0', '1018.0', '1044.0', '1054.0', '1055.0', '2.0c', '1094.0', '1105.0', '1200.0', '1210.0', '1215.0', '1240.0', '1312.0', '1320.0', '1477.0']"
EVA + GLENN DUBIN,76,"['919.0', '920.0']"
EVA ANDERSSON,151,"['1085.0', '1185.0', '240.0', '1687.0', '297.0', '298.0', '1756.0']"
EVA DUBIN,84,['931.0']
EVA'S NANNY,86,['931.0']
EVELYN BOULET,431,"[nan, '192.0', '193.0']"
FABRIAME PACHEO,453,['207.0']
FB,149,['1083.0']
FELICIA TAYLOR,50,"['876.0', '877.0', '968.0']"
FEMALE,298,['1507.0']
FLEUR,314,['6.0']
FLEUR PERRY LANG,316,"['7.0', '42.0', '41.0', '58.0']"
FLIGHT ATTENDANT,120,['1026.0']
FLORA,509,['284.0']
FLORES,504,"['1721.0', '1722.0']"
FOREST SAWYER,494,['251.0']
FP,456,['1645.0']
FRAN,464,['1665.0']
FRANCES,26,['815.0']
FRANCOIS,187,"['1179.0', '1180.0', '1181.0', '1182.0', '1221.0']"
FRANCOIS VERONIEL,208,"['1220.0', '1219.0']"
FRANK GAMBLE,510,['286.0']
FREDERIC + ALEXANDRIA FEKKAI,257,['1354.0']
FREDERIC FEKKAI,381,"['116.0', '117.0']"
FREYA WISSING,242,['1296.0']
G. WHITHALL,30,['831.0']
GABRIAME PACHECO,446,['195.0']
GABRIELLE,125,['2.0b']
GARY + MARY KERNEY,131,['1046.0']
GARY BLACKWELL,495,"['1697.0', '1698.0', '1699.0']"
GARY FENNEL,482,['1685.0']
GARY FENNELL,562,"['1863.0', '1864.0', '1865.0']"
GARY KERNEY,150,['1083.0']
GARY ROXBURGH,175,"['1122.0', '1123.0', '1124.0', '1125.0', '1301.0', '1303.0', '1305.0', '1304.0', '1307.0', '1370.0', '1369.0', '1400.0', '1401.0', '1402.0', '1464.0', '1465.0', '1502.0', '1526.0', '1528.0', '1604.0', '169.0', '170.0', nan, '215.0', '216.0', '217.0', '218.0', '1673.0', '1674.0', '1675.0', '1681.0']"
GAYLE SMITH,410,"['136.0', '137.0', '138.0', '139.0', '140.0', '141.0', '142.0']"
GB,293,"['1492.0', '37.0a', '1700.0']"
GENE,133,['1051.0']
GEOF TINTRY,339,['37.0b']
GEORGE GEYER,554,['343.0']
GEORGE WALLERICH,289,[nan]
GERALD LEFCOURT,591,"['1922.0', '1921.0']"
GERALDINE LAYBOURNE,354,['66.0a']
GIL,317,['7.0']
GINGER,161,"['1100.0', '1101.0']"
GINGER SOUTHGATE,112,['985.0']
GJ,325,['12.0']
GLENN,3,"['781.0', '782.0', '821.0', '915.0', '934.0', '946.0', '968.0', '1017.0', '1018.0', '1044.0', '1055.0', '2.0c', '1094.0', '1105.0', '1199.0', '1312.0', '240.0']"
GLENN DUBIN,137,"['1058.0', '1104.0', '1185.0', '1240.0', '64.0', '65.0', '258.0']"
GM,4,"['782.0', '787.0', '790.0', '795.0', '796.0', '799.0', '800.0', '802.0', '803.0', '804.0', '805.0', '808.0', '809.0', '810.0', '811.0', '812.0', '813.0', '814.0', '821.0', '828.0', '829.0', '830.0', '837.0', '838.0', '839.0', '840.0', '841.0', '844.0', '845.0', '846.0', '851.0', '860.0', '861.0', '864.0', '865.0', '873.0', '874.0', '875.0', '879.0', '880.0', '881.0', '882.0', '892.0', '893.0', '894.0', '895.0', '901.0', '907.0', '908.0', '909.0', '910.0', '913.0', '914.0', '917.0', '918.0', '919.0', '920.0', '921.0', '922.0', '923.0', '924.0', '925.0', '926.0', '927.0', '929.0', '930.0', '932.0', '933.0', '934.0', '937.0', '938.0', '939.0', '940.0', '944.0', '946.0', '949.0', '950.0', '951.0', '952.0', '953.0', '954.0', '960.0', '961.0', '962.0', '963.0', '964.0', '966.0', '968.0', '974.0', '977.0', '978.0', '979.0', '982.0', '987.0', '988.0', '993.0', '994.0', '1000.0', '60.0a', '1012.0', '1013.0', '1014.0', '1026.0', '1027.0', '1028.0', '1029.0', '3.0', '1.0b', '1037.0', '1039.0', '1040.0', '1043.0', '1044.0', '1045.0', '1046.0', '1052.0', '1053.0', '1058.0', '1059.0', '1060.0', '1061.0', '1063.0', '1064.0', '1065.0', '2.0c', '1.0d', '2.0d', '1075.0', '1080.0', '1083.0', '1085.0', '1086.0', '1087.0', '1094.0', '1102.0', '1103.0', '1104.0', '1105.0', '1110.0', '1113.0', '1114.0', '1115.0', '1116.0', '1119.0', '1120.0', '1121.0', '1125.0', '1136.0', '1145.0', '1146.0', '1147.0', '1148.0', '1149.0', '1153.0', '1155.0', '1154.0', '1156.0', '1157.0', '1164.0', '1169.0', '1170.0', '1175.0', '1180.0', '1181.0', '1182.0', '1183.0', '1184.0', '1185.0', '1190.0', '1192.0', '1197.0', '1198.0', '1199.0', '1200.0', '1202.0', '1203.0', '1204.0', '1205.0', '1209.0', '1211.0', '1220.0', '1219.0', '1222.0', '1223.0', '1224.0', '1228.0', '1232.0', '1233.0', '1234.0', '1239.0', '1240.0', '1241.0', '1242.0', '1243.0', '1244.0', '1245.0', '1247.0', '1248.0', '1256.0', '1257.0', '1262.0', '1265.0', '1266.0', '1267.0', '1270.0', '1281.0', '1282.0', '1283.0', '1285.0', '1286.0', '1291.0', '1292.0', '1293.0', '1294.0', '1295.0', '1297.0', '1298.0', '1310.0', '1311.0', '1312.0', '1313.0', '1314.0', '1320.0', '1328.0', '1335.0a', '1329.0', '1335.0b', '1336.0', '1337.0', '1338.0', '1343.0', '1344.0', '1346.0', '1345.0', '1353.0', '1357.0', '1358.0', '1359.0', '1360.0', '1361.0', '1364.0', '1362.0', '1363.0', '1366.0', '1365.0', '1367.0', '1370.0', '1378.0', '1380.0', '1383.0', '1384.0', '1385.0', '1386.0', '1391.0', '1393.0', '1400.0', '1401.0', '1402.0', '1403.0', '1404.0', '1405.0', '1406.0', '1413.0', '1414.0', '1416.0', '1415.0', '1417.0', '1421.0', '1422.0', '1424.0', '1423.0', '1426.0', '1427.0', '1428.0', '1429.0', '1431.0', '1432.0', '1433.0', '1434.0', '1437.0', '1438.0', '1440.0', '1444.0', '1445.0', '1446.0', '1464.0', '1465.0', '1467.0', '1466.0', '1469.0', '1468.0', '1470.0', '1471.0', '1472.0', '1473.0', '1474.0', '1475.0', '1476.0', '1477.0', '1478.0', '1479.0', '1480.0', '1481.0', '1482.0', '1490.0', '1491.0', '1492.0', '1493.0', '1494.0', '1495.0', '1506.0', '1507.0', '1508.0', '1509.0', '1512.0', '1516.0', '1517.0', '1518.0', '1519.0', '1520.0', '1521.0', '1522.0', '1523.0', '1525.0', '1526.0', '1528.0', '1534.0', '1535.0', '2.0e', '6.0', '7.0', '8.0', '10.0', '12.0', '13.0', '14.0', '15.0', '16.0', '17.0', '21.0', '22.0', '1543.0', '1544.0', '1548.0', '1549.0', '1550.0', '1555.0', '1556.0', '26.0', '27.0', '28.0', '31.0', '32.0', '36.0', '37.0b', '40.0', '42.0', '41.0', '43.0', '44.0', '45.0', '1557.0', '1558.0', '46.0', '49.0', '50.0', '51.0', '52.0', '53.0', '54.0', '55.0', '57.0', '58.0', '62.0', '63.0', '64.0', '65.0', '71.0b', '72.0', '75.0', '76.0', '78.0', '84.0', '90.0', '91.0', '92.0', '94.0', '96.0', '97.0', '98.0', '99.0', '100.0', '102.0', '101.0', '103.0', '104.0', '107.0', '108.0', '109.0', '111.0', '115.0', '1564.0', '1570.0', '1573.0', '116.0', '117.0', '121.0', '120.0', '123.0', '122.0', '1589.0', '136.0', '137.0', '138.0', '139.0', '140.0', '141.0', '144.0', '145.0', '146.0', '147.0', '148.0', '1598.0', '1600.0', '1605.0', '157.0', '158.0', '160.0', '162.0', '163.0', '161.0', '165.0', '167.0', nan, nan, nan, nan, nan, '171.0', '172.0', '175.0', '177.0', '178.0', '179.0', '180.0', '181.0', '185.0', nan, nan, nan, '1625.0', '187.0', '189.0', '190.0', '191.0', '192.0', '193.0', '1630.0', '1643.0', '1644.0', '202.0', '216.0', '217.0', '1650.0', '1651.0', '1652.0', '1653.0', '1654.0', '1664.0', '1670.0', '1671.0', '225.0', '226.0', '227.0', '228.0', '229.0', '231.0', '230.0', '240.0', '1683.0', '1685.0', '1686.0', '1687.0', '1688.0', '246.0', '247.0', '248.0', '254.0', '258.0', '262.0', '266.0', '267.0', '268.0', '269.0', '287.0', '288.0', '1728.0', '301.0', '1741.0', '308.0', '1745.0', '1750.0', '1756.0', '1759.0', '1760.0', '1761.0', '335.0', '1767.0', '1768.0', '1793.0', '1794.0', '1814.0', '1834.0', '1837.0', '1852.0', '1853.0', '1856.0', '366.0', '372.0', '385.0', '386.0', '1897.0', '1898.0', '1899.0', '1901.0', '1900.0', '1902.0', '1903.0', '1904.0', '1905.0', '416.0', '420.0']"
GM BK,321,['9.0']
GM ET,322,['11.0']
GMU FLIGHTS - SEAN RILEY,376,['1567.0']
GN,297,"['1503.0', '1504.0']"
GR,244,"['1302.0', '1306.0', '245.0', '274.0', '1721.0', '1722.0', '1723.0', '1724.0', '282.0', '1756.0', '1755.0']"
GREG HOLBERT,390,['125.0']
GT,311,['1523.0']
GWENDOLYN,223,['1247.0']
GWENDOLYN BECK,10,"['787.0', '927.0', '928.0', '932.0', '933.0', '940.0', '941.0', '966.0', '967.0', '968.0', '1056.0', '1057.0', '1063.0', '1082.0', '1105.0', '1118.0', '1151.0', '1159.0', '1160.0', '1175.0', '1204.0', '1240.0', '1296.0', '1491.0', '33.0']"
GWNEDOLYN BECK,148,['1081.0']
HEATHER,115,"['991.0', '1210.0']"
HEATHER MANN,114,"['989.0', '990.0', '1015.0', '1016.0', '1022.0', '1.0a', '2.0a', '1038.0', '1483.0', '1484.0']"
HEATHER MITCHELL,153,['1088.0']
HENRY JARECKI,286,"['1479.0', '1480.0', '1495.0']"
HENRY ROSOVSKY,176,['1124.0']
I SAT ON JUMPSEAT,606,"['2123.0', '2176.0']"
I.O TAKE OFF,226,[nan]
IAN,543,"['1793.0', '1794.0']"
IGOR ZINOVIEV,584,"['398.0', '399.0', '406.0']"
IGOR ZINOVIEW,555,"['352.0', '1838.0', '1857.0']"
IM,472,['231.0']
INCA,210,"['1223.0', '1224.0']"
INCA DOERRIG,203,"['1214.0', '1233.0', '1234.0', '1503.0', '1504.0']"
IRA MAGAZINER,411,"['140.0', '141.0', '142.0', '230.0']"
IRA ZICHERMAN,45,"['861.0', '905.0']"
IZ,558,"['356.0', '1856.0', '1858.0', '1867.0', '1870.0', '1871.0', '1873.0', '1876.0', nan, '366.0', '367.0', '368.0', '375.0', '376.0', '377.0', '380.0', '382.0', '407.0', '408.0', '416.0', '417.0', '418.0', '424.0']"
J DOBKIN,29,['831.0']
J TEAL,32,"['831.0', '832.0']"
JACK ROBERTSON,111,"['982.0', '1024.0', '1.0b']"
JANICE,375,"['100.0', '102.0', '101.0', '103.0', '104.0']"
JASMINE,260,['1370.0']
JAY,19,['806.0']
JB,610,"['498.0', '499.0', '500.0']"
JD,487,"['1688.0', '258.0']"
JE,0,"['780.0', '781.0', '783.0', '784.0', '785.0', '786.0', '787.0', '788.0', '789.0', '790.0', '795.0', '796.0', '799.0', '800.0', '802.0', '803.0', '804.0', '805.0', '808.0', '809.0', '810.0', '811.0', '812.0', '813.0', '814.0', '815.0', '816.0', '821.0', '828.0', '829.0', '830.0', '831.0', '833.0', '835.0', '834.0', '836.0', '837.0', '838.0', '839.0', '840.0', '841.0', '843.0', '844.0', '845.0', '846.0', '848.0', '849.0', '851.0', '860.0', '861.0', '864.0', '865.0', '866.0', '873.0', '874.0', '875.0', '876.0', '878.0', '877.0', '879.0', '880.0', '881.0', '882.0', '887.0', '886.0', '888.0', '889.0', '891.0', '892.0', '893.0', '894.0', '895.0', '901.0', '903.0', '905.0', '906.0', '907.0', '908.0', '909.0', '910.0', '911.0', '912.0', '913.0', '914.0', '915.0', '916.0', '917.0', '918.0', '919.0', '921.0', '922.0', '923.0', '924.0', '925.0', '926.0', '927.0', '928.0', '929.0', '930.0', '931.0', '932.0', '933.0', '934.0', '936.0', '937.0', '938.0', '939.0', '940.0', '941.0', '943.0', '944.0', '946.0', '947.0', '948.0', '949.0', '950.0', '951.0', '952.0', '953.0', '954.0', '956.0', '957.0', '959.0', '960.0', '961.0', '962.0', '963.0', '964.0', '965.0', '966.0', '967.0', '968.0', '970.0', '973.0', '974.0', '977.0', '978.0', '979.0', '981.0', '982.0', '983.0', '985.0', '986.0', '987.0', '988.0', '989.0', '990.0', '991.0', '992.0', '993.0', '994.0', '999.0', '1000.0', '60.0a', '1012.0', '1013.0', '1014.0', '1015.0', '1016.0', '1017.0', '1018.0', '1020.0', '1021.0', '1022.0', '1024.0', '1026.0', '1027.0', '1028.0', '1029.0', '1.0a', '2.0a', '3.0', '1.0b', '2.0b', '1037.0', '1038.0', '1039.0', '1040.0', '1041.0', '1042.0', '1043.0', '1044.0', '1045.0', '1046.0', '1047.0', '71.0a', '1050.0', '1051.0', '1052.0', '1053.0', '1054.0', '1055.0', '1056.0', '1057.0', '1058.0', '1059.0', '1060.0', '1061.0', '1062.0', '1063.0', '1064.0', '1065.0', '1067.0', '1069.0', '1.0c', '2.0c', '1.0d', '2.0d', '1075.0', '1078.0', '1080.0', '1081.0', '1082.0', '1083.0', '1085.0', '1086.0', '1087.0', '1088.0', '1089.0', '1090.0', '1091.0', '1092.0', '1093.0', '1094.0', '1095.0', '1099.0', '1100.0', '1101.0', '1102.0', '1103.0', '1104.0', '1105.0', '1106.0', '1107.0', '1108.0', '1109.0', '1110.0', '1111.0', '1114.0', '1115.0', '1117.0', '1118.0', '1119.0', '1120.0', '1121.0', '1122.0', '1123.0', '1124.0', '1125.0', '1128.0', '1136.0', '1137.0', '1145.0', '1146.0', '1147.0', '1148.0', '1149.0', '1151.0', '1153.0', '1155.0', '1154.0', '1156.0', '1157.0', '1158.0', '1159.0', '1160.0', '1161.0', '1163.0', '1164.0', '1165.0', '1166.0', '1167.0', '1168.0', '1169.0', '1170.0', '1171.0', '1172.0', '1174.0', '1175.0', '1179.0', '1180.0', '1181.0', '1182.0', '1183.0', '1184.0', '1185.0', '1186.0', '1188.0', '1190.0', '1192.0', '1193.0', '1194.0', '1195.0', '1196.0', '1197.0', '1198.0', '1199.0', '1200.0', '1202.0', '1203.0', '1204.0', '1205.0', '1209.0', '1210.0', '1211.0', '1215.0', '1216.0', '1220.0', '1221.0', '1222.0', '1223.0', '1224.0', '1226.0', '1225.0', '1227.0', '1228.0', '1229.0', '1230.0', '1231.0', '1232.0', '1233.0', '1237.0', '1238.0', '1239.0', '1240.0', '1241.0', '1242.0', '1243.0', '1244.0', '1245.0', '1246.0', '1247.0', '1248.0', '1249.0', '1252.0', '1253.0', '1254.0', '1256.0', '1257.0', '1258.0', '1259.0', '1260.0', '1262.0', '1263.0', '1264.0', '1265.0', '1266.0', '1267.0', '1268.0', '1269.0', '1270.0', '1271.0', '1272.0', '1274.0', '1273.0', '1275.0', '1276.0', '1277.0', '1278.0', '1279.0', '1280.0', '1281.0', '1282.0', '1283.0', '1284.0', '1285.0', '1286.0', '1287.0', '1288.0', '1290.0', '1291.0', '1292.0', '1293.0', '1294.0', '1295.0', '1296.0', '1297.0', '1298.0', '1299.0', '1300.0', '1301.0', '1302.0', '1303.0', '1305.0', '1304.0', '1306.0', '1307.0', '1309.0', '1310.0', '1311.0', '1312.0', '1313.0', '1314.0', '1315.0', '1320.0', '1321.0', '1324.0', '1325.0', '1326.0', '1328.0', '1329.0', '1335.0b', '1336.0', '1337.0', '1338.0', '1339.0', '1340.0', '1341.0', '1343.0', '1344.0', '1346.0', '1345.0', '1353.0', '1357.0', '1358.0', '1359.0', '1360.0', '1361.0', '1364.0', '1362.0', '1363.0', '1366.0', '1365.0', '1367.0', '1368.0', '1370.0', '1369.0', '1378.0', '1379.0', '1380.0', '1383.0', '1384.0', '1385.0', '1386.0', '1387.0', '1388.0', '1389.0', '1390.0', '1391.0', '1392.0', '1393.0', '1395.0', '1396.0', '1397.0', '1398.0', '1400.0', '1401.0', '1402.0', '1403.0', '1404.0', '1405.0', '1406.0', '1407.0', '1408.0', '1409.0', '1410.0', '1413.0', '1414.0', '1416.0', '1417.0', '1418.0', '1419.0', '1420.0', '1421.0', '1422.0', '1424.0', '1423.0', '1426.0', '1427.0', '1428.0', '1429.0', '1431.0', '1432.0', '1433.0', '1434.0', '1437.0', '1438.0', '1439.0', '1440.0', '1441.0', '1442.0', '1443.0', '1444.0', '1445.0', '1446.0', '1464.0', '1465.0', '1467.0', '1466.0', '1469.0', '1468.0', '1470.0', '1471.0', '1472.0', '1473.0', '1474.0', '1475.0', '1476.0', '1477.0', '1478.0', '1479.0', '1480.0', '1481.0', '1482.0', '1483.0', '1484.0', '1485.0', '1487.0', '1488.0', '1489.0', '1490.0', '1491.0', '1492.0', '1493.0', '1494.0', '1495.0', '1496.0', '1497.0', '1501.0', '1502.0', '1503.0', '1504.0', '1506.0', '1507.0', '1508.0', '1509.0', '1510.0', '1511.0', '1512.0', '1515.0', '1516.0', '1517.0', '1519.0', '1520.0', '1521.0', '1522.0', '1523.0', '1524.0', '1525.0', '1526.0', '1528.0', '1530.0', '1531.0', '1534.0', '1535.0', '2.0e', '6.0', '7.0', '8.0', '9.0', '10.0', '11.0', '13.0', '14.0', '15.0', '16.0', '17.0', '18.0', '19.0', '20.0', '21.0', '22.0', '1539.0', '1540.0', '1541.0', '1542.0', '1543.0', '1544.0', '1546.0', '1547.0', '1548.0', '1549.0', '1550.0', '1551.0', '1552.0', '1553.0', '1554.0', '1555.0', '1556.0', '26.0', '27.0', '28.0', '30.0', '29.0', '31.0', '32.0', '33.0', '37.0a', '34.0', '35.0', '36.0', '37.0b', '38.0', '40.0', '42.0', '41.0', '43.0', '44.0', '45.0', '1557.0', '1558.0', '46.0', '48.0', '49.0', '50.0', '51.0', '52.0', '53.0', '54.0', '55.0', '57.0', '56.0', '58.0', '59.0', '60.0b', '62.0', '61.0', '63.0', '65.0', '66.0a', '67.0', '72.0', '73.0', '74.0', '75.0', '76.0', '77.0', '78.0', '84.0', '90.0', '91.0', '92.0', '93.0', '94.0', '96.0', '97.0', '98.0', '99.0', '100.0', '102.0', '101.0', '103.0', '104.0', '107.0', '108.0', '109.0', '111.0', '112.0', '114.0', '115.0', '1564.0', '1570.0', '1573.0', '116.0', '117.0', '118.0', '121.0', '120.0', '123.0', '122.0', '124.0', '1584.0', '1583.0', '1585.0', '1586.0', '1589.0', '1590.0', '128.0', '129.0', '130.0', '131.0', '132.0', '133.0', '134.0', '1592.0', '1593.0', '1594.0', '1595.0', '1896.0a', '136.0', '137.0', '138.0', '139.0', '140.0', '141.0', '144.0', '145.0', '148.0', '149.0', '1598.0', '1600.0', '1601.0', '1602.0', '1603.0', '1604.0', '1605.0', '157.0', '158.0', '159.0', '160.0', '162.0', '163.0', '161.0', '164.0', '165.0', '166.0', '167.0', '169.0', '170.0', nan, nan, nan, nan, nan, nan, '171.0', '172.0', '1614.0', '1615.0', '175.0', '176.0', '177.0', '178.0', '179.0', '180.0', '181.0', '182.0', '183.0', '184.0', '185.0', '186.0', nan, nan, nan, '1625.0', '187.0', '188.0', '189.0', '190.0', '191.0', '192.0', '193.0', '1626.0', '1627.0', '1630.0', '1631.0', '1632.0', '1633.0', '1634.0', '1635.0', '1637.0', '195.0', '198.0', '199.0', '200.0', '1638.0', '1639.0', '1640.0', nan, '1641.0', '1642.0', '1643.0', '1644.0', '202.0', '201.0', '206.0', '207.0', '1645.0', '1646.0', '1647.0', '215.0', '216.0', '217.0', '1650.0', '1651.0', '1652.0', '1653.0', '1654.0', '1662.0', '1666.0', '1667.0', '1668.0', '1669.0', '1670.0', '1671.0', '1672.0', '1673.0', '1674.0', '1675.0', '1076.0', '223.0', '224.0', '225.0', '226.0', '227.0', '228.0', '229.0', '231.0', '230.0', '233.0', '232.0', '234.0', '235.0', '236.0', '237.0', '238.0', '239.0', '240.0', '1679.0', '1680.0', '1681.0', '1682.0', '1683.0', '1684.0', '1685.0', '1686.0', '1687.0', '1688.0', '1689.0', '1690.0', '241.0', '242.0', '243.0', '244.0', '1691.0', '1692.0', '1693.0', '1696.0', '245.0', '246.0', '247.0', '248.0', '249.0', '250.0', '251.0', '252.0', '253.0', '254.0', '255.0', '1697.0', '1698.0', '1699.0', '1700.0', '1701.0', '1702.0', '256.0', '257.0', '1705.0', '258.0', '259.0', '260.0', '261.0', '262.0', '263.0', '264.0', '265.0', '266.0', '267.0', '268.0', '269.0', '270.0', '271.0', '1708.0', '1709.0', '1710.0', '1711.0', '1713.0', '1714.0', '1715.0', '1716.0', '1717.0', '1718.0', '272.0', '273.0', '274.0', '1719.0', '1720.0', '1721.0', '1722.0', '1723.0', '1724.0', '1725.0', '1726.0', '275.0', '276.0', '278.0', '279.0', '280.0', '281.0', '282.0', '283.0', '284.0', '285.0', '286.0', '287.0', '288.0', '289.0', '290.0', '291.0', '296.0', '297.0', '298.0', '299.0', '300.0', '301.0', '302.0', '303.0', '1730.0', '1731.0', '1732.0', '1734.0', '1735.0', '1736.0', '1737.0', '1738.0', '1739.0', '1740.0', '307.0', '308.0', '309.0', '1745.0', '1747.0', '1746.0', '1749.0', '1748.0', '1750.0', '1751.0', '310.0', '311.0', '315.0', '316.0', '317.0', '318.0', '319.0', '325.0', '334.0', '333.0', '335.0', '336.0', '1773.0', '1774.0', '1775.0', '1776.0', '341.0', '340.0', '1777.0', '1778.0', '1781.0', '1786.0', '1787.0', '1789.0', '1792.0', '1795.0', '1796.0', '1797.0', '1798.0', '1799.0', '1804.0', '1806.0', '1807.0', '1808.0', '1809.0', '1810.0', '1814.0', '1816.0', '1817.0', '1818.0', '1819.0', '1821.0', '1822.0', '1823.0', '1824.0', '1825.0', '1826.0', '348.0', '1834.0', '1837.0', '351.0', '352.0', '1838.0', '1839.0', '1840.0', '1843.0', '353.0', '354.0', '355.0', '356.0', '1844.0', '1845.0', '1854.0', '1855.0', '1856.0', '1857.0', '1858.0', '1859.0', '1860.0a', '1867.0', '1860.0b', '1869.0', '1870.0', '1871.0', '1873.0', '1874.0', '1875.0', '1876.0', '1881.0', nan, '366.0', '367.0', '368.0', '372.0', '373.0', '374.0', '375.0', '376.0', '377.0', '380.0', '382.0', '383.0', '384.0', '385.0', '386.0', '387.0', '388.0', '1891.0', '1890.0', '398.0', '399.0', '1906.0', '1907.0', '1908.0', '1913.0', '1914.0', '405.0', '406.0', '407.0', '408.0', '1919.0', '1920.0', '416.0', '417.0', '418.0', '419.0', '420.0', '421.0', '422.0', '423.0', '424.0', '425.0', '426.0']"
JE (MET PRINCESS SARAH FERGUSON + KIDS ON THE GROUND),160,['1096.0']
JE SK,418,['1597.0']
JEAN LUC BRUNEL,250,"['1336.0', '1337.0', '1570.0', '1573.0', '116.0', '117.0', '133.0', '159.0', nan, nan, nan, '1625.0', '187.0', '189.0', '190.0', '191.0', '198.0', '199.0', '1686.0']"
JEAN LUKE,191,['1196.0']
JEAN MICHELE GATHY,245,"['1309.0', '1310.0']"
JEFE SCHANTZ,157,['1094.0']
JEFF SCHANTZ,58,"['905.0', '917.0']"
JEFF SCHANTZ + FAMILY (4),69,"['915.0', '916.0']"
JEFFREY,308,['1518.0']
JEFFREY EPSTEIN,225,[nan]
JEFFREY TIFFANY GRAMZA,201,['1214.0']
JENNIFER,197,"['1209.0', '261.0']"
JENNIFER KALIN,501,"['274.0', '282.0', '1905.0', '405.0', '406.0', '1919.0']"
JERRY BECK,121,['1026.0']
JERRY GOLDSMITH,468,['1673.0']
JESSICA,266,"['1408.0', '48.0', '100.0', '102.0', '101.0', '103.0', '104.0']"
JESSICA BAUER,267,['1409.0']
JIM,549,['1821.0']
JIM + MRS. CAYNE,146,['2.0d']
JIM BARICKOSKE,612,['502.0']
JIM DOWD,544,"['1793.0', '1794.0']"
JIM KENNEDY,405,"['136.0', '137.0', '138.0', '139.0', '140.0', '141.0', '142.0', '143.0', '144.0', '145.0', '146.0']"
JIM POWELL,609,[nan]
JIM WARREN,37,"['843.0', '844.0', '845.0', '850.0']"
JIM WORDEN,577,"['1896.0b', '1922.0', '1921.0']"
JIMMY + MRS CAYNE,136,"['1056.0', '1058.0']"
JIMMY CAYNE,15,"['806.0', '807.0', '931.0']"
JK,458,"['215.0', '1726.0', '275.0', '277.0', '284.0', '285.0', '286.0', '290.0', '291.0', '299.0', '300.0', '301.0', '302.0', '303.0', '1730.0', '1740.0', '1741.0', '308.0', '1797.0', '1798.0', '388.0', '1891.0', '1890.0', '407.0', '425.0', '426.0']"
JK STEVE MILLER,505,['276.0']
JLB,454,"['207.0', '1689.0', '1690.0', '1693.0', '246.0', '247.0', '248.0', '269.0', '1726.0', '1749.0', '1748.0', '317.0', '318.0', '423.0']"
JO ANNE,199,['1210.0']
JOANN,292,"['1488.0', '1489.0', '1490.0']"
JOANNA,561,"['1857.0', '1858.0']"
JOANNE,344,"['49.0', '50.0', '51.0']"
JOE PAGANO,132,"['1051.0', '1151.0', '1386.0', '1477.0', '73.0', '74.0']"
JOE PASHCOW,62,['910.0']
JOE RUSSEN,473,['231.0']
JOEL,79,['927.0']
JOEL PASHCOW,95,"['943.0', '960.0', '1.0d', '2.0d', '1324.0', '1335.0b', '1492.0', '1508.0', '1555.0', '33.0', '200.0']"
JOHN + ANNIE GLENN,118,['1026.0']
JOHN AMERLING,592,"['416.0', '417.0']"
JOHN BROCKMAN,362,['66.0b']
JOHN GLENN,53,['887.0']
JOHN ROBERTS,604,"[nan, nan]"
JOJO,99,"['948.0', '283.0']"
JONATHAN MAND,315,['6.0']
JORDAN,109,"['968.0', '2.0c', '1104.0', '1105.0', '1185.0', '1200.0', '1210.0', '1215.0', '1312.0', '1320.0', '297.0']"
JORDAN + NANNY DUBIN,222,['1240.0']
JORDAN DUBIN,130,"['1044.0', '1054.0', '1055.0', '1085.0', '1094.0', '1199.0', '1477.0', '240.0', '1687.0']"
JOULIA STARODOUMOVIT,576,"['388.0', '1891.0', '1890.0']"
JP,337,['37.0a']
JR,598,['424.0']
JUAN MOLYNEUX,559,"['356.0', '376.0']"
JULIANA BORGES,379,['1573.0']
JULIE,332,"['1546.0', '1547.0', '1553.0', '1554.0', '73.0', '74.0', '1638.0']"
JULIE CENCEBAUGH,387,"['116.0', '117.0', '118.0']"
JULIE IVERSON,452,['206.0']
JULIE SHAY,335,['1555.0']
JULIETTE BRYANT,424,"['1602.0', '167.0', '180.0', '181.0', '182.0', '185.0']"
JW,578,"['1897.0', '1898.0', '1899.0', '1901.0', '1900.0', '1902.0', '1903.0', '1904.0']"
KAREN,90,['937.0']
KAREN CASEY,326,"['14.0', '33.0']"
KARINA MATSON,363,['66.0b']
KATHERINA,108,['966.0']
KATHERINA KOTZIG,36,"['837.0', '838.0', '839.0']"
KATHERINE DARBY,572,['376.0']
KATHRYN GRAMZA,205,['1217.0']
KATHRYN KUCKA,589,['407.0']
KATIE BRAING,582,['1902.0']
KC,338,['37.0a']
KELLY BOVINO,296,"['1497.0', '67.0', '66.0b', '1634.0']"
KELLY MCCARTHY,425,['1604.0']
KELLY SPAMM,261,"['1379.0', '1387.0', '1400.0', '1401.0', '1427.0', '1428.0', '1429.0', '1432.0']"
KELLY SPAMM (BLOWING SNOW ON RUNWAY),269,['1431.0']
KEVIN MAXWELL,579,"['1901.0', '1900.0']"
KEVIN SPACEY,400,"['136.0', '137.0', '138.0', '139.0', '140.0', '141.0', '142.0', '143.0', '144.0', '145.0', '146.0']"
KIMBERLY BURNS,480,['1682.0']
KIRSTEN,211,['1223.0']
KIT,147,['1078.0']
KIT LAYBOURNE,355,['66.0a']
KRISTY,300,"[nan, nan]"
KRISTY RODGERS,389,"['125.0', '1727.0']"
KYLE,295,"['1494.0', '1495.0']"
LADY ROBIN INNES KER,580,"['1901.0', '1900.0']"
LAETITIA SIMON,383,"['116.0', '117.0']"
LAINE KELSON,196,['1205.0']
LANCE CALLOWAY,564,"['1870.0', '1905.0', '1908.0', '1913.0', '406.0']"
LARRY,60,"['908.0', '1540.0']"
LARRY & LISA SUMMERS,560,['1853.0']
LARRY SUMMERS,181,"['1159.0', '259.0', '1819.0']"
LARRY VISCOSKI,447,[nan]
LARRY VISOSKI,215,"['1227.0', '1923.0']"
LARY KERNEY,102,['948.0']
LASHAM TO STANSTED,611,['502.0']
LAURA ANDREW,516,"['300.0', '301.0']"
LAURA HAMES,378,"['114.0', '115.0']"
LAUREN PASHCOW,145,['2.0d']
LC,470,"['1076.0', '234.0', '235.0', '1873.0', '1876.0', '1881.0', nan, '366.0', '367.0', '368.0', '375.0', '376.0', '377.0', '380.0', '382.0', '417.0', '418.0', '423.0']"
LESLIE GELB,65,"['911.0', '912.0']"
LESTER POLLACK,67,['911.0']
LETICIA + MICHELE BIRKHEUER,252,"['1336.0', '1337.0']"
LIN CHRISTIANSON,469,['1675.0']
LINDA,165,"['1102.0', '1221.0']"
LISA,110,"['970.0', '1257.0', '14.0']"
LISA ANDREW,517,"['300.0', '301.0']"
LL,596,['420.0']
LM,441,"['1626.0', '1627.0', '1628.0', '241.0', '242.0', '243.0', '244.0', '245.0', '246.0', '247.0', '248.0', '249.0', '250.0', '251.0', '252.0', '253.0', '254.0', '255.0', '256.0', '256.0', '257.0', '258.0', '259.0', '260.0', '261.0', '262.0', '263.0', '264.0', '265.0', '266.0', '267.0', '268.0', '269.0', '270.0', '271.0', '1707.0', '272.0', '273.0', '274.0', '275.0', '276.0', '277.0', '278.0', '279.0', '280.0', '281.0', '282.0', '283.0', '284.0', '285.0', '286.0', '287.0', '288.0', '289.0', '291.0', '296.0', '297.0', '298.0', '299.0', '1728.0', '300.0', '301.0', '302.0', '304.0', '303.0', '305.0', '306.0', '307.0', '308.0', '309.0', '310.0', '311.0', '315.0', '316.0', '317.0', '318.0', '319.0', '324.0', '325.0', '334.0', '333.0', '335.0', '1766.0', '341.0', '343.0', '348.0', '351.0', '352.0', '353.0', '354.0', '355.0', '356.0', '405.0', '406.0', '407.0', '408.0', '416.0', '487.0', '488.0', '489.0', '490.0', '494.0']"
LUBA,182,['1165.0']
LV,466,"[nan, nan, '1686.0', '1688.0', '1689.0', '1690.0', '241.0', '242.0', '243.0', '244.0', '1691.0', '1692.0', '1693.0', '1694.0', '1695.0', '246.0', '247.0', '248.0', '249.0', '250.0', '251.0', '252.0', '253.0', '254.0', '255.0', '1702.0', '257.0', '1705.0', '258.0', '259.0', '260.0', '261.0', '262.0', '263.0', '264.0', '265.0', '266.0', '267.0', '268.0', '269.0', '270.0', '271.0', '1707.0', '1708.0', '1709.0', '1710.0', '1711.0', '1712.0', '1713.0', '1714.0', '1715.0', '1716.0', '1717.0', '1718.0', '272.0', '273.0', '1719.0', '1720.0', '1725.0', '1726.0', '275.0', '278.0', '279.0', '280.0', '281.0', '283.0', '284.0', '285.0', '287.0', '288.0', '289.0', '1727.0', '290.0', '291.0', '296.0', '297.0', '298.0', '299.0', '1728.0', '300.0', '301.0', '302.0', '304.0', '303.0', '1730.0', '1729.0', nan, '1732.0', '1736.0', '1737.0', '1738.0', '1739.0', '1740.0', '305.0', '306.0', '307.0', '1741.0', '308.0', '309.0', '1747.0', '1746.0', nan, '1749.0', '1748.0', '1750.0', '1751.0', '1752.0', '1753.0', '310.0', '311.0', '315.0', '316.0', '317.0', '318.0', '319.0', '324.0', '325.0', '335.0', '1766.0', '1767.0', '1768.0', '1775.0', '1776.0', '340.0', '1778.0', '1781.0', '1786.0', '1787.0', '1792.0', '1804.0', '1806.0', '1807.0', '1808.0', '1809.0', '1810.0', '1811.0', '1816.0', '1821.0', '1823.0', '1824.0', '1825.0', '1826.0', '1834.0', '1837.0', '351.0', '1839.0', '1840.0', '1842.0', '1841.0', '1843.0', '353.0', '354.0', '355.0', '1852.0', '1853.0', '1854.0', '1855.0', '1856.0', '1891.0', '1890.0', '1905.0', '1906.0', '1907.0', '1908.0', '405.0', '406.0', '407.0', '408.0', '1919.0', '1920.0', '433.0', '435.0', '434.0', '1927.0', '436.0', '437.0', '443.0', '444.0', '450.0', '451.0', '452.0', '453.0', '457.0', '1936.0', '460.0', '462.0', '461.0', '465.0', '1942.0', '467.0', '466.0', '468.0', '469.0', '470.0', '1943.0', '1944.0', '1945.0', '471.0', '1955.0', '474.0', '475.0', '476.0', '477.0', '478.0', '1959.0', '1962.0', '1963.0', '1971.0', '1976.0', '1977.0', '1978.0', '1980.0', '1979.0', '1982.0', '1983.0', '1984.0', '1985.0', '1986.0', '1991.0', '1995.0', '1999.0', '2000.0', '2001.0', '481.0', '2010.0', '2011.0', '2012.0', '2013.0', nan, nan, '2014.0', '2017.0', '2018.0', '2019.0', '2020.0', '2021.0', '2022.0', '2023.0', '2024.0', '2029.0', nan, '2030.0', '483.0', '484.0', '485.0', '2043.0', '2044.0', '2046.0', '2045.0', '487.0', '2048.0', '2049.0', '488.0', '2050.0', '2051.0', '489.0', '2052.0', '2054.0', '2053.0', '2055.0', '2058.0', '2057.0', '2059.0', '2062.0', '2060.0', '2061.0', '2064.0', '2063.0', '2066.0', '2065.0', '2067.0', '2068.0', '2069.0', '2070.0', '490.0', '2071.0', '2072.0', '2074.0', '2073.0', '2075.0', '2076.0', '2078.0', '2077.0', '2079.0', '2080.0', '2081.0', '2082.0', '2083.0', '2084.0', '2085.0', '491.0', '2088.0', '2089.0', '2091.0', '2090.0', '2092.0', '2093.0', '2095.0', '2094.0', '2096.0', '2097.0', '2098.0', '2099.0', '2102.0', '2103.0', '2106.0', '2107.0', '2108.0', '2109.0', '2110.0', '2116.0', '2117.0', '2118.0', '2119.0', '2120.0', '2121.0', '2122.0', '2123.0', '2124.0', '2125.0', '2126.0', '2128.0', '2129.0', '2130.0', '2132.0', '2131.0', '2133.0', '2134.0', '2135.0', '2136.0', '2137.0', '2138.0', '2139.0', '2140.0', '2143.0', '2144.0', '2145.0', nan, nan, '2146.0', nan, '2147.0', '2148.0', '2149.0', '2150.0', '2151.0', '2152.0', '2153.0', '2155.0', '2154.0', '2156.0', '2157.0', nan, '2159.0', '2160.0', '2161.0', '2162.0', '2163.0', '2164.0', '2166.0', '2167.0', '2168.0', '2170.0', '2169.0', '2171.0', '2172.0', '2173.0', '2174.0', '2175.0', '494.0', nan, '2180.0', '2182.0', '2194.0', '2193.0', '2195.0', '2196.0', '2197.0', '2198.0', nan, '2199.0', '498.0', '499.0', '500.0', '2207.0', '2208.0', '2209.0', '2212.0', '2213.0', '2214.0', '2216.0', '2215.0', '2217.0', '2218.0', '2219.0', '2220.0', '2221.0', '2222.0', '2224.0', '2223.0', '2025.0', '2226.0', '2227.0', '2228.0', '2229.0', '2230.0', '502.0', '2231.0', '2235.0', '2236.0', '2237.0', '503.0', '504.0', '505.0', '506.0', '2239.0', '2240.0', '2245.0', '2246.0', '2247.0', '2248.0', '2249.0', '2250.0', '2252.0', '2256.0', '2257.0', '2259.0', '2258.0', '2260.0', '2261.0', '2262.0', '2263.0', '2264.0', '2265.0', '2267.0', '2268.0', '2269.0', '2270.0', '2271.0', '2272.0', '2273.0', '2277.0', '2278.0', '2279.0', '2280.0']"
LV BH,601,['479.0']
LV LM,608,['492.0']
LV/BH,602,['480.0']
LW,600,['471.0']
LYDIA,290,"['1483.0', '1484.0']"
LYN,100,['948.0']
LYN FUNTANILLA,507,['283.0']
LYNN,97,"['946.0', '967.0']"
LYNN FONTANILLA,172,"['1121.0', '1122.0']"
LYNN FORESTER,113,"['989.0', '1047.0', '1161.0', '1163.0']"
MACKLA,457,['1647.0']
MAGALI BLACHON,426,"['1604.0', nan, nan, '171.0', '1614.0', '1615.0', '175.0', '176.0', '177.0', '178.0', '179.0', '180.0', '181.0', '184.0', '185.0', '186.0', nan, '188.0', '189.0', '190.0', '191.0']"
MANDY,47,"['873.0', '966.0', '968.0', '970.0', '986.0', '1040.0', '1.0d', '1192.0']"
MANDY ELLISON,134,"['1056.0', '1057.0', '1111.0', '1117.0', '1156.0', '1246.0', '1309.0']"
MANDY LANE,162,"['1100.0', '1101.0']"
MANDY RALPH ELLISON,237,['1281.0']
MANUELA STOETTER,484,"['1686.0', '1711.0']"
MARGARAET WHITTET,139,['1058.0']
MARGARET,343,['45.0']
MARGARITA,395,['1589.0']
MARIA,22,['809.0']
MARION NOWAK,595,['418.0']
MARK + KAREN EPSTEIN,78,"['926.0', '927.0']"
MARK EPSTEIN,88,"['934.0', '1185.0', '1192.0', '262.0']"
MARK LLOYD,351,['58.0']
MARSHALL,236,['1279.0']
MARTY TRUST,119,['1026.0']
MARVIN MINSKY,285,"['1479.0', '1480.0']"
MATT GREENBERG,7,['782.0']
MATT GRIPPI,5,"['782.0', '830.0']"
MELANIE STARNES,170,"['1119.0', '1120.0', '1137.0']"
MELANIE WALKER,193,['1202.0']
MELINDA LUNTZ,142,"['1065.0', '1088.0', '1125.0', '1145.0', '1202.0', '1211.0', '1294.0', '1320.0', '1358.0', '1556.0']"
MELISSA STAHL,380,['1573.0']
MEREDITH,189,['1192.0']
MICHAEL DUBBERLY,479,"['1679.0', '1678.0', '1680.0']"
MICHAEL LIFFMAN,440,['193.0']
MICHAEL LIFFMANN,428,"['1605.0', '164.0', '165.0', '166.0', nan, nan, nan, nan, '171.0', '172.0', '1614.0', '1615.0', '175.0', '176.0', '177.0', '178.0', '179.0', '181.0', '182.0', nan, nan, '187.0', '192.0']"
MICHAEL WOLF,360,['66.0b']
MICHELLE,294,['1492.0']
MIKE,374,"['100.0', '102.0', '101.0', '103.0', '104.0', '123.0', '122.0']"
MIKE DONOVAN,313,['1.0e']
MILES + KATHY ALEXANDER,345,['50.0']
MITCH,563,"['1864.0', '1865.0']"
ML,140,"['1064.0', '1626.0', '1627.0']"
MN,498,"['1708.0', '277.0']"
MONICA,214,['1224.0']
MORGAN,478,['240.0']
MR & MRS MUCINSKA,547,['1804.0']
MR. BROWN,241,['1296.0']
MRS CAYNE,16,['806.0']
MRS. CAYNE,20,['807.0']
MRS. HAZEL,233,['1273.0']
MS,499,"['1713.0', '1714.0', '1715.0', '1716.0', '273.0', '274.0', '1719.0', '1721.0', '1722.0', '1723.0', '1724.0', '278.0', '279.0', '280.0', '281.0', '284.0', '285.0', '286.0']"
MS MUCINSKA,548,['1804.0']
MYA DUBIN,283,"['1477.0', '258.0']"
MYLENE,459,['215.0']
MYLENE JAMPANOI,461,['217.0']
NADIA,73,"['916.0', '979.0', '1105.0', '1662.0', '1667.0', '1668.0', '1679.0', '1680.0']"
NADIA BJORLIN,287,['1480.0']
NADIA MARCINKOVA,486,"['1687.0', '1857.0', '1905.0', '1906.0', '1907.0', '1908.0', '1913.0', '1914.0', '405.0', '1920.0']"
NADIA MARCINKOVA FLEW IN THE RIGHT SEAT,605,['2123.0']
NANNY,8,"['782.0', '821.0', '915.0', '916.0', '919.0', '920.0', '1044.0', '1054.0', '1055.0', '1085.0', '1104.0', '1105.0', '1200.0', '1210.0', '1215.0', '1312.0', '1477.0']"
NAOMI CAMPBELL,302,"['1512.0', '76.0', '148.0', '189.0']"
NATALEE SEMOVA,546,['1799.0']
NATALIE,520,['1730.0']
NATALYA MALYSHOV,502,"['274.0', '282.0', '283.0', '290.0']"
NATALYA MARYSHOV,586,"['1908.0', '1919.0', '416.0']"
NATHAN MYHRVOID,81,"['930.0', '936.0']"
NEEL,531,['1754.0']
NICHOLAS JARECKI,386,"['116.0', '117.0']"
NICK,200,['1211.0']
NICK LAMBROS,475,['238.0']
NICK SIMMONDS,416,['149.0']
NICK SIMMONS,396,"['1589.0', '147.0']"
NICOLE JUNKERMANN,369,"['77.0', '131.0', '132.0']"
NINA + TIM ZAGAT,357,"['66.0a', '67.0']"
NINA KEITA,493,['246.0']
NINA MELESHKIVA,568,['1873.0']
NM,483,"['1686.0', '1688.0', '241.0', '242.0', '243.0', '244.0', '1691.0', '1692.0', '1693.0', '248.0', '249.0', '250.0', '251.0', '252.0', '253.0', '254.0', '255.0', '1697.0', '1700.0', '1701.0', '256.0', '257.0', '1705.0', '258.0', '262.0', '263.0', '264.0', '265.0', '266.0', '267.0', '268.0', '269.0', '270.0', '271.0', '1709.0', '1710.0', '1711.0', '1713.0', '1714.0', '274.0', '1719.0', '1720.0', '1721.0', '1722.0', '1723.0', '1724.0', '1725.0', '1726.0', '275.0', '276.0', '278.0', '279.0', '280.0', '281.0', '285.0', '286.0', '287.0', '288.0', '289.0', '290.0', '291.0', '296.0', '297.0', '298.0', '299.0', '300.0', '301.0', '302.0', '303.0', '1730.0', '1732.0', '1736.0', '1737.0', '1740.0', '307.0', '308.0', '309.0', '1745.0', '1747.0', '1746.0', '1749.0', '1750.0', '310.0', '311.0', '315.0', '316.0', '317.0', '318.0', '319.0', '325.0', '334.0', '333.0', '1774.0', '1775.0', '341.0', '340.0', '1781.0', '1789.0', '1797.0', '1798.0', '1804.0', '1806.0', '1816.0', '1817.0', '1823.0', '1824.0', '1825.0', '1826.0', '348.0', '351.0', '352.0', '352.0', '1838.0', '1839.0', '353.0', '354.0', '355.0', '1844.0', '1845.0', '1854.0', '1855.0', '1856.0', '1858.0', '1859.0', '1860.0a', '1867.0', '1860.0b', '1869.0', '1870.0', '1871.0', '1873.0', '1874.0', '1875.0', nan, '367.0', '368.0', '372.0', '382.0', '383.0', '384.0', '406.0', '407.0', '408.0', '416.0', '417.0', '418.0', '419.0', '420.0', '421.0', '422.0', '423.0', '424.0', '425.0', '426.0', '2180.0']"
NM LV,521,['1731.0']
NO PASSENGERS,44,"['850.0', '1536.0', '23.0', '24.0', '1538.0']"
NORTHERN LIGHTS,265,['1404.0']
NVH,603,[nan]
O TEAL,33,"['831.0', '832.0']"
OLIVER SACHS,156,"['1093.0', '1095.0']"
PAMELA JOHANAOFF,35,"['833.0', '835.0', '834.0', '836.0']"
PAMELA STEVENS,104,['956.0']
PAS CAYNE,83,['931.0']
PASCAL,124,"['1.0b', '1115.0']"
PATRICK OCHIN,434,"['177.0', '178.0', '179.0', '180.0', '181.0']"
PATSY,299,"[nan, nan]"
PATSY RODGERS,511,['1727.0']
PAUL HALADA,553,['1823.0']
PAUL MELLON,154,"['1089.0', '1092.0']"
PAULA,231,['1268.0']
PAULA EPSTEIN,39,"['848.0', '922.0', '926.0', '994.0', '1147.0', '1281.0', '1282.0', '1339.0', '20.0', '1665.0']"
PETE RATHELB,533,['1754.0']
PETE RATHGEB,372,"['90.0', '100.0', '102.0', '101.0', '103.0', '104.0', '107.0', '108.0', '109.0', '115.0', '1564.0', '1568.0', '1570.0', '1571.0', '1572.0', '1574.0', '1573.0', '174.0', '198.0', '199.0']"
PETER MARINO,259,"['1354.0', '1353.0', '1389.0', '1390.0']"
PHILLIPPE,209,['1221.0']
PHILLIPPE MUGNIER,207,"['1220.0', '1219.0']"
PIA TRUSELL,522,"['1734.0', '1735.0']"
PM,540,"['334.0', '333.0']"
PRALAYA CUOMO,593,"['416.0', '418.0']"
PRESIDENT ANDRES PASTRANA,437,"[nan, nan]"
PRESIDENT BILL CLINTON,373,"['100.0', '102.0', '101.0', '103.0', '104.0', '123.0', '225.0', '228.0', '229.0', '230.0']"
PRESIDENT CLINTON,388,"['122.0', '231.0']"
PRESIDENT WILLIAM J. CLINTON,399,"['136.0', '137.0', '138.0', '139.0', '140.0', '141.0', '142.0', '143.0', '144.0', '145.0', '146.0']"
PRINCE ANDREW,194,"['1203.0', '1204.0', '1338.0']"
PRINCE ANDREW - DUKE OF YORK,581,['1902.0']
RALPH,48,"['873.0', '1312.0']"
RALPH ELLISON,174,"['1122.0', '1192.0']"
RALPH PASCHKE,512,['290.0']
REBECCA WHITE,303,['1512.0']
REPOSITION,288,"[nan, '95.0', '110.0', '113.0', '1568.0', '1571.0', '1572.0', '1574.0', '1606.0', '156.0']"
RETURN FROM C-CHECK,392,['127.0']
RETURN TO TEB,55,['890.0']
RGR,274,"['1469.0', '1468.0', '1470.0', '1473.0', '1474.0', '1475.0', '1476.0']"
RHONDA,291,['1485.0']
RHONDA SHEARER,184,['1166.0']
RHONDA SHEARER + HUSBAND,185,['1167.0']
RICARDO LEGORETTA,264,"['1401.0', '1424.0']"
RICARDO LEGORRETA,273,['1466.0']
RICH,221,"['1236.0', '1235.0']"
RICHARD COOK,353,"['64.0', '65.0', '66.0b']"
ROBIN,159,"['1095.0', '1106.0', '1107.0']"
ROBIN PLANT,52,"['879.0', '880.0', '881.0', '932.0', '933.0', '944.0']"
RODNEY SLATER,407,"['136.0', '137.0', '138.0', '139.0', '140.0', '141.0', '142.0', '143.0', '144.0', '145.0', '146.0']"
ROGER,319,"['7.0', '45.0', '1562.0', '240.0']"
RON,178,"['1136.0', '1707.0']"
RON BURKLE,409,"['136.0', '137.0', '138.0']"
RUSLANA KORSHONOVA,574,['377.0']
RUSS KIPPES,74,"['916.0', '917.0', '918.0', '989.0', '991.0', '992.0', '993.0']"
RYAN,419,"['1597.0', '1598.0']"
RYAN DIONING,433,['1614.0']
RYAN DIONNE,422,"['1600.0', '1605.0', '157.0', '158.0', '164.0', '165.0', nan, nan, nan, '171.0', '172.0']"
S,542,"['1773.0', '1873.0']"
SANDY BURGER,551,['1822.0']
SARAH KELLEN,323,"['11.0', '21.0', '1539.0', '1546.0', '1556.0', '1857.0', '1906.0', '1907.0', '1913.0', '1919.0']"
SARAH RAWSOM,590,['1920.0']
SCOTT RUEBER,474,['231.0']
SEAN KUO FOR LM,370,"['77.0', '80.0', '79.0', '81.0']"
SEAN KUO FOR LV,371,['78.0']
SEMOINE,503,"['1721.0', '1722.0', '1723.0', '1724.0']"
SH,455,"['207.0', '1645.0', '1646.0', '1647.0', '1654.0', '1662.0', '1669.0', '308.0', '309.0']"
SHANNON,61,"['909.0', '1114.0']"
SHANNON HEALY,168,"['1113.0', '1275.0', '1276.0']"
SHAREE,41,['848.0']
SHARON,63,"['910.0', '1063.0', '1209.0']"
SHARON CRAPE,143,['1065.0']
SHARON REYNOLDS,14,"['804.0', '805.0']"
SHELLEY,224,"['1249.0', '1258.0', '1259.0', '1260.0', '1274.0', '1275.0']"
SHELLEY AND LEWIS,204,['1217.0']
SHELLEY LEWIS,219,"['1231.0', '1287.0', '1288.0', '1340.0', '1341.0', '1368.0', '1369.0', '1392.0', '1396.0', '1397.0', '1398.0', '1407.0', '1408.0', '1409.0', '1418.0', '1419.0', '1420.0', '1439.0', '1441.0', '1442.0', '1443.0', '1530.0', '38.0', '84.0', '124.0', '128.0', '1593.0', '1594.0', '1595.0']"
SHELLY,247,['1325.0']
SHELLY ANNE LEWIS,243,"['1299.0', '1300.0']"
SHELLY HARRISON,238,"['1285.0', '1286.0']"
SHELLY LEWIS,248,"['1326.0', '92.0']"
SHERIDAN,307,"['1516.0', '1525.0']"
SHERIDAN GIBSON,331,['1544.0']
SHERIDOAN,349,['52.0']
SHERREE,167,['1109.0']
SK,327,"['22.0', '1540.0', '1543.0', '1544.0', '1547.0', '1548.0', '1549.0', '1550.0', '1551.0', '1552.0', '1553.0', '1554.0', '26.0', '27.0', '28.0', '31.0', '32.0', '33.0', '37.0a', '34.0', '37.0b', '40.0', '42.0', '41.0', '43.0', '44.0', '49.0', '50.0', '51.0', '52.0', '53.0', '54.0', '55.0', '57.0', '56.0', '58.0', '59.0', '60.0b', '62.0', '61.0', '63.0', '64.0', '65.0', '66.0a', '67.0', '72.0', '73.0', '74.0', '75.0', '76.0', '78.0', '84.0', '90.0', '91.0', '92.0', '93.0', '94.0', '96.0', '97.0', '98.0', '99.0', '100.0', '102.0', '101.0', '103.0', '104.0', '107.0', '108.0', '109.0', '111.0', '112.0', '114.0', '115.0', '1564.0', '1570.0', '1573.0', '116.0', '117.0', '121.0', '120.0', '123.0', '122.0', '1586.0', '1589.0', '129.0', '130.0', '133.0', '1896.0a', '136.0', '137.0', '138.0', '139.0', '140.0', '141.0', '144.0', '145.0', '148.0', '149.0', '1601.0', '1602.0', '1603.0', '1604.0', '157.0', '158.0', '159.0', '160.0', '162.0', '163.0', '161.0', '164.0', '165.0', '166.0', nan, nan, nan, nan, nan, nan, '171.0', '172.0', '1614.0', '1615.0', '175.0', '176.0', '177.0', '178.0', '179.0', '180.0', '181.0', '183.0', '184.0', '185.0', nan, nan, nan, '1625.0', '187.0', '188.0', '189.0', '190.0', '191.0', '192.0', '193.0', '1626.0', '1627.0', '1630.0', '1631.0', '1632.0', '1633.0', '1634.0', '1635.0', '1636.0', '1637.0', '195.0', '198.0', '1639.0', '1640.0', nan, '1641.0', '1642.0', '202.0', '201.0', '207.0', '1645.0', '216.0', '1651.0', '1652.0', '1653.0', '1662.0', '1666.0', '1667.0', '1671.0', '1672.0', '1673.0', '1674.0', '1675.0', '1076.0', '224.0', '225.0', '226.0', '227.0', '228.0', '229.0', '231.0', '230.0', '233.0', '232.0', '234.0', '235.0', '236.0', '237.0', '238.0', '239.0', '1679.0', '1680.0', '1681.0', '1683.0', '1689.0', '1690.0', '241.0', '242.0', '243.0', '1692.0', '1693.0', '245.0', '249.0', '251.0', '252.0', '253.0', '254.0', '1700.0', '1701.0', '1702.0', '257.0', '1705.0', '259.0', '260.0', '261.0', '264.0', '265.0', '266.0', '267.0', '268.0', '270.0', '271.0', '1710.0', '1711.0', '1715.0', '1716.0', '1717.0', '1718.0', '272.0', '273.0', '1720.0', '1721.0', '1722.0', '1723.0', '1724.0', '1725.0', '1726.0', '275.0', '276.0', '278.0', '279.0', '280.0', '281.0', '282.0', '283.0', '287.0', '288.0', '289.0', '291.0', '296.0', '297.0', '298.0', '299.0', '300.0', '302.0', '303.0', '1734.0', '1735.0', '1736.0', '1737.0', '1740.0', '307.0', '308.0', '309.0', '1745.0', '1747.0', '1746.0', '1749.0', '1748.0', '1750.0', '310.0', '311.0', '316.0', '317.0', '318.0', '319.0', '334.0', '333.0', '336.0', '1775.0', '1776.0', '1777.0', '1778.0', '1786.0', '1787.0', '1792.0', '1795.0', '1796.0', '1799.0', '1809.0', '1810.0', '1818.0', '1819.0', '1821.0', '1822.0', '1823.0', '1824.0', '1834.0', '1837.0', '351.0', '352.0', '352.0', '353.0', '354.0', '355.0', '1856.0', '1870.0', '1876.0', nan, '366.0', '367.0', '368.0', '372.0', '373.0', '374.0', '376.0', '377.0', '380.0', '383.0', '384.0', '385.0', '386.0', '387.0', '388.0', '1891.0', '1890.0', '407.0', '408.0', '417.0', '418.0', '419.0', '420.0', '421.0', '422.0', '423.0']"
SK LC,565,['1871.0']
SK LV,492,['1696.0']
SL,141,['1064.0']
SLOAN + SPENCER BARNETT,365,['1562.0']
SLOW FLIGHT,228,[nan]
SM,506,['277.0']
SOPHIE,21,"['807.0', '915.0', '948.0', '1324.0', '1325.0', '1326.0', '1370.0']"
SOPHIE + FRIEND,72,['916.0']
SOPHIE BIDDLE,9,"['783.0', '784.0', '785.0', '788.0', '789.0', '806.0', '808.0', '809.0', '815.0', '944.0', '981.0', '982.0', '983.0', '1.0c', '2.0c', '1128.0', '1171.0', '1172.0', '1188.0', '1230.0', '1231.0', '1290.0', '1321.0', '1357.0', '1358.0']"
ST,569,"['1874.0', '1875.0', '380.0', '383.0', '384.0']"
STACEY TEELUCKSINGH,346,['50.0']
STAFF,420,['1598.0']
STEFANIE BURNS,427,['1604.0']
STEFANIE TIDWEL,567,['1873.0']
STEFANIE TIDWELL,573,"['376.0', '377.0']"
STEPHEN ROBERT,68,['911.0']
STEVE,329,"['1540.0', '52.0']"
STEVE + JUDY TUCKERMAN,116,"['1024.0', '1025.0']"
STEVE BURGESS,195,"['1203.0', '1204.0']"
STEVE LESTOR,525,['1745.0']
STEVE LISTER,481,"['1684.0', '1701.0']"
STEVEN,166,['1107.0']
STEVEN PINKER,356,['66.0a']
SUSAN HAMBLEN,523,['307.0']
SUSAN HAMBLIN,451,['206.0']
SUZANNA,105,['960.0']
SVETLANA GRIAZNOVE,439,"['192.0', '193.0']"
TAMI,496,['262.0']
TATIANA ESPINOSA,445,['195.0']
TATIANA KOVYLINA,557,"['354.0', '355.0']"
TATIANA SIMANAVA,552,"['1822.0', '356.0']"
TATIANNA,333,"[nan, '1773.0', '1795.0', '1796.0', '1799.0', '1834.0', '1837.0', '1843.0']"
TATYANA SIMANAVA,566,"['1873.0', '398.0', '399.0']"
TAXIING,227,[nan]
TAYLOR,312,['1535.0']
TD,463,"['1662.0', '1667.0', '1668.0', '1670.0', '1076.0', '1681.0', '1682.0', '242.0', '243.0', '244.0', '1691.0', '1692.0', '1693.0', '247.0', '248.0', '249.0', '250.0', '251.0', '252.0', '253.0', '254.0', '255.0', '1697.0', '1698.0', '1699.0', '1700.0', '1701.0', '1702.0', '256.0', '257.0', '1705.0', '258.0', '262.0', '263.0', '1708.0', '1709.0', '1710.0', '1711.0', '1713.0', '1714.0', '273.0', '279.0', '280.0', '281.0', '282.0', '287.0', '288.0', '289.0', '290.0', '1736.0', '1737.0']"
TEALA DAVIES,430,"['167.0', '1633.0', '195.0', '241.0']"
TERRY,220,['1232.0']
TIFFANY,42,"['848.0', '1217.0', '1268.0', '1269.0', '1274.0', '1275.0']"
TIFFANY GRAMZA,216,"['1229.0', '1231.0', '1232.0', '1233.0', '1234.0', '1237.0', '1238.0', '1239.0', '1241.0', '1244.0', '1245.0', '1246.0', '1247.0', '1252.0', '1253.0', '1254.0', '1388.0']"
TM,462,['1653.0']
TODD,367,"['73.0', '74.0', '164.0', '165.0']"
TODD MEISTER,448,['200.0']
TOM PAYETTE,477,['238.0']
TOM PRITZKER,268,['1429.0']
TP,465,['1666.0']
TS,571,['1881.0']
ULGA EILPIVAIL,192,['1198.0']
VALDSON COTRIN,449,"[nan, '255.0', '1700.0', '416.0']"
VALSAN,432,"[nan, nan, nan]"
VANESSA BREUER,588,"['406.0', '407.0']"
VC,450,"['1641.0', '202.0', '201.0', '1666.0', '1701.0', '1702.0', '1736.0', '1737.0', '1773.0', '1774.0']"
VENESSA,587,['1908.0']
VICTORIA,232,['1273.0']
VICTORIA HAZEL,235,['1277.0']
VIRGINIA,270,"['1433.0', '1434.0']"
VIRGINIA ROBERTS,271,"['1444.0', '1445.0', '1446.0', '1464.0', '1501.0', '1510.0', '1531.0', '1570.0', '1589.0', '1590.0']"
VM,527,['1748.0']
VOR HOLDING,263,['1395.0']
VR,272,"['1465.0', '1467.0', '1466.0', '1469.0', '1468.0', '1470.0', '1478.0', '1479.0', '1480.0', '1488.0', '1489.0', '1490.0', '1491.0', '1502.0', '1506.0', '1511.0', '1524.0', '1525.0', '1526.0', '1528.0']"
WALTER CRONKITE,594,['417.0']
WARREN,18,"['806.0', '807.0', '45.0']"
WARREN SPECTOR,135,"['1056.0', '2.0d']"
WARREN WHITTET,138,['1058.0']
WIFE,158,['1094.0']
YEHUDA + ZIPORA KOPPEL,117,['1024.0']
YVES PICKARDT,348,['52.0']
ZB,526,['1749.0']
ZINTA BROWN,528,['1748.0']
